{"uni_grams": {"Alef": 0.07760071265960605, "Ayin": 0.04201431141594518, "Bet": 0.058445074555606664, "Dalet": 0.033106066340225095, "Gimel": 0.006422087789881864, "He": 0.07667495385761947, "Het": 0.021566104418606007, "Kaf": 0.041041973554739125, "Kaf-final": 0.005484684223090404, "Lamed": 0.08834300819209204, "Mem": 0.029758196458827022, "Mem-medial": 0.04806376673207143, "Nun-final": 0.017368166706452946, "Nun-medial": 0.026154141751721968, "Pe": 0.013746644852140598, "Pe-final": 0.001554576101449191, "Qof": 0.01269279363730051, "Resh": 0.05314670656939406, "Samekh": 0.004983959336481302, "Shin": 0.04872751832594861, "Taw": 0.04382507234310135, "Tet": 0.00567100045996821, "Tsadi-final": 0.0019563204872169596, "Tsadi-medial": 0.007790347654453249, "Waw": 0.13084057734743904, "Yod": 0.09697177891249542, "Zayin": 0.006049455316126252}, "bi_grams": {"Alef": {"Alef": 0.00019994001799460162, "Ayin": 0.00039988003598920324, "Bet": 0.02589223233030091, "Dalet": 0.023592922123362992, "Gimel": 0.00039988003598920324, "He": 0.029091272618214536, "Het": 0.040087973607917625, "Kaf": 0.014495651304608618, "Kaf-final": 0.0021993401979406176, "Lamed": 0.1857442767169849, "Mem": 0.0244926522043387, "Mem-medial": 0.07327801659502149, "Nun-final": 0.0021993401979406176, "Nun-medial": 0.05378386484054783, "Pe": 0.009397180845746277, "Pe-final": 0.00739778066580026, "Qof": 0.0010996700989703088, "Resh": 0.05678296511046686, "Samekh": 0.004198740377886634, "Shin": 0.13126062181345596, "Taw": 0.1375587323802859, "Tet": 0.0, "Tsadi-final": 0.0, "Tsadi-medial": 0.002599220233929821, "Waw": 0.07737678696391083, "Yod": 0.08767369789063281, "Zayin": 0.00879736079176247}, "Ayin": {"Alef": 0.015036452004860267, "Ayin": 0.0, "Bet": 0.03417375455650061, "Dalet": 0.10571081409477522, "Gimel": 0.0004556500607533414, "He": 0.04055285540704739, "Het": 0.0, "Kaf": 0.0007594167679222357, "Kaf-final": 0.001215066828675577, "Lamed": 0.21931956257594168, "Mem": 0.06287970838396112, "Mem-medial": 0.06014580801944107, "Nun-final": 0.012150668286755772, "Nun-medial": 0.022174969623329283, "Pe": 0.007594167679222357, "Pe-final": 0.0, "Qof": 0.00531591737545565, "Resh": 0.042831105710814096, "Samekh": 0.00212636695018226, "Shin": 0.08824422843256378, "Taw": 0.05179222357229648, "Tet": 0.0025820170109356016, "Tsadi-final": 0.003341433778857837, "Tsadi-medial": 0.01807411907654921, "Waw": 0.1336573511543135, "Yod": 0.06166464155528554, "Zayin": 0.008201701093560146}, "Bet": {"Alef": 0.06603461580862088, "Ayin": 0.059530371513614816, "Bet": 0.02888325432697608, "Dalet": 0.03836401719766288, "Gimel": 0.009150038584500055, "He": 0.044317054349024367, "Het": 0.0270091500385845, "Kaf": 0.055892404365560575, "Kaf-final": 0.0022048285745783266, "Lamed": 0.04211222577444604, "Mem": 0.011906074302722964, "Mem-medial": 0.027670598610957997, "Nun-final": 0.015323558593319369, "Nun-medial": 0.05434902436335575, "Pe": 0.005842795722632565, "Pe-final": 0.0, "Qof": 0.018410318597729028, "Resh": 0.11850953588358505, "Samekh": 0.007716900011024143, "Shin": 0.04145077720207254, "Taw": 0.042994157204277364, "Tet": 0.009260280013228971, "Tsadi-final": 0.0, "Tsadi-medial": 0.006945210009921729, "Waw": 0.11906074302722963, "Yod": 0.14485723734979605, "Zayin": 0.0022048285745783266}, "Dalet": {"Alef": 0.008635578583765112, "Ayin": 0.07599309153713299, "Bet": 0.08610905502097212, "Dalet": 0.0019738465334320256, "Gimel": 0.0076486553170490995, "He": 0.051320009869232665, "Het": 0.0004934616333580064, "Kaf": 0.02393288921786331, "Kaf-final": 0.0076486553170490995, "Lamed": 0.009375771033802122, "Mem": 0.05477424130273871, "Mem-medial": 0.026646928201332347, "Nun-final": 0.03528250678509746, "Nun-medial": 0.01307673328398717, "Pe": 0.0004934616333580064, "Pe-final": 0.0019738465334320256, "Qof": 0.03997039230199852, "Resh": 0.07056501357019491, "Samekh": 0.0, "Shin": 0.09647174932149026, "Taw": 0.028127313101406367, "Tet": 0.0, "Tsadi-final": 0.0, "Tsadi-medial": 0.0, "Waw": 0.1396496422403158, "Yod": 0.21983715766099185, "Zayin": 0.0}, "Gimel": {"Alef": 0.004793863854266539, "Ayin": 0.0738255033557047, "Bet": 0.16970278044103548, "Dalet": 0.16395014381591563, "Gimel": 0.006711409395973154, "He": 0.006711409395973154, "Het": 0.0, "Kaf": 0.0, "Kaf-final": 0.0, "Lamed": 0.11888782358581017, "Mem": 0.0738255033557047, "Mem-medial": 0.02109300095877277, "Nun-final": 0.02109300095877277, "Nun-medial": 0.0028763183125599234, "Pe": 0.0, "Pe-final": 0.0019175455417066154, "Qof": 0.0, "Resh": 0.015340364333652923, "Samekh": 0.0, "Shin": 0.014381591562799617, "Taw": 0.0, "Tet": 0.0, "Tsadi-final": 0.0, "Tsadi-medial": 0.0, "Waw": 0.2080536912751678, "Yod": 0.08437200383509108, "Zayin": 0.012464046021093002}, "He": {"Alef": 0.0633147113594041, "Ayin": 0.035668242372152985, "Bet": 0.047700902449505804, "Dalet": 0.01475433319008738, "Gimel": 0.01475433319008738, "He": 0.015900300816501935, "Het": 0.021343647041971066, "Kaf": 0.03681420999856754, "Kaf-final": 0.0020054433462254693, "Lamed": 0.03380604497922934, "Mem": 0.06947428735138232, "Mem-medial": 0.08365563672826243, "Nun-final": 0.015900300816501935, "Nun-medial": 0.03738719381177482, "Pe": 0.009883970777825527, "Pe-final": 0.0, "Qof": 0.01289213579716373, "Resh": 0.05113880532874946, "Samekh": 0.005873084085374588, "Shin": 0.05185503509525856, "Taw": 0.024065320154705628, "Tet": 0.009740724824523707, "Tsadi-final": 0.0, "Tsadi-medial": 0.006732559805185503, "Waw": 0.1833548202263286, "Yod": 0.13679988540323737, "Zayin": 0.015184071049992838}, "Het": {"Alef": 0.007103648692282854, "Ayin": 0.0, "Bet": 0.014207297384565708, "Dalet": 0.13335485954149176, "Gimel": 0.005812076202776881, "He": 0.012592831772683243, "Het": 0.0, "Kaf": 0.014530190506942202, "Kaf-final": 0.0012915724895059735, "Lamed": 0.05263157894736842, "Mem": 0.016790442363577657, "Mem-medial": 0.1117210203422667, "Nun-final": 0.005489183080400388, "Nun-medial": 0.023248304811107522, "Pe": 0.010978366160800775, "Pe-final": 0.0, "Qof": 0.016790442363577657, "Resh": 0.12108492089118501, "Samekh": 0.028091701646754924, "Shin": 0.02292541168873103, "Taw": 0.05392315143687439, "Tet": 0.013884404262189216, "Tsadi-final": 0.007103648692282854, "Tsadi-medial": 0.0293832741362609, "Waw": 0.1365837907652567, "Yod": 0.1175330965450436, "Zayin": 0.04294478527607362}, "Kaf": {"Alef": 0.02224440325110509, "Ayin": 0.005418508484243548, "Bet": 0.04249251390275203, "Dalet": 0.006987024098103522, "Gimel": 0.0005703693141308997, "He": 0.17253671752459718, "Het": 0.008412947383430772, "Kaf": 0.010551832311421646, "Kaf-final": 0.0, "Lamed": 0.1115072009125909, "Mem": 0.013831455867674319, "Mem-medial": 0.026094396121488665, "Nun-final": 0.021816626265506917, "Nun-medial": 0.006987024098103522, "Pe": 0.01183516326821617, "Pe-final": 0.0, "Qof": 0.00028518465706544986, "Resh": 0.015257379153001568, "Samekh": 0.014544417510337944, "Shin": 0.001996292599458149, "Taw": 0.029944388991872236, "Tet": 0.0, "Tsadi-final": 0.0, "Tsadi-medial": 0.00028518465706544986, "Waw": 0.3224012548124911, "Yod": 0.15072009125909025, "Zayin": 0.0032796235562526734}, "Kaf-final": {"Alef": 0, "Ayin": 0, "Bet": 0, "Dalet": 0, "Gimel": 0, "He": 0, "Het": 0, "Kaf": 0, "Kaf-final": 0, "Lamed": 0, "Mem": 0, "Mem-medial": 0, "Nun-final": 0, "Nun-medial": 0, "Pe": 0, "Pe-final": 0, "Qof": 0, "Resh": 0, "Samekh": 0, "Shin": 0, "Taw": 0, "Tet": 0, "Tsadi-final": 0, "Tsadi-medial": 0, "Waw": 0, "Yod": 0, "Zayin": 0}, "Lamed": {"Alef": 0.1149156675472465, "Ayin": 0.03474903474903475, "Bet": 0.052733184312131684, "Dalet": 0.00995732574679943, "Gimel": 0.007823613086770981, "He": 0.12629546840073155, "Het": 0.03373298110140215, "Kaf": 0.08311318837634626, "Kaf-final": 0.023267628530786427, "Lamed": 0.01839057102214997, "Mem": 0.029262345051818735, "Mem-medial": 0.054257264783580575, "Nun-final": 0.001625685836212152, "Nun-medial": 0.012497459865880918, "Pe": 0.030989636252794148, "Pe-final": 0.0031497663076610447, "Qof": 0.010465352570615729, "Resh": 0.011074984759195286,